<application>
  <component name="GitRememberedInputs">
    <option name="visitedUrls">
      <list>
        <UrlAndUserName>
          <option name="url" value="https://github.students.cs.ubc.ca/CPSC210/Lab1-Photoviewer.git" />
          <option name="userName" value="" />
        </UrlAndUserName>
        <UrlAndUserName>
          <option name="url" value="http://github.students.cs.ubc.ca" />
          <option name="userName" value="joshchew" />
        </UrlAndUserName>
        <UrlAndUserName>
          <option name="url" value="https://github.com/UBCx-Software-Construction/intro-to-softconst-lecture-starters" />
          <option name="userName" value="" />
        </UrlAndUserName>
        <UrlAndUserName>
          <option name="url" value="https://github.com/UBCx-Software-Construction/intro-to-softconst-practice-projects.git" />
          <option name="userName" value="" />
        </UrlAndUserName>
        <UrlAndUserName>
          <option name="url" value="https://github.com/UBCx-Software-Construction/long-form-problem-starters.git" />
          <option name="userName" value="" />
        </UrlAndUserName>
        <UrlAndUserName>
          <option name="url" value="https://github.com/UBCx-Software-Construction/control-and-data-flow-lecture-starters" />
          <option name="userName" value="" />
        </UrlAndUserName>
        <UrlAndUserName>
          <option name="url" value="https://github.students.cs.ubc.ca/CPSC210/B03-PizzaTopperStarter" />
          <option name="userName" value="" />
        </UrlAndUserName>
        <UrlAndUserName>
          <option name="url" value="https://github.students.cs.ubc.ca/CPSC210/B04-SimpleCalculatorStarterLecLab" />
          <option name="userName" value="" />
        </UrlAndUserName>
        <UrlAndUserName>
          <option name="url" value="https://github.com/jkaving/intellij-colors-solarized.git" />
          <option name="userName" value="" />
        </UrlAndUserName>
        <UrlAndUserName>
          <option name="url" value="https://github.students.cs.ubc.ca/CPSC210-2020W-T1/lab2_u9b3b.git" />
          <option name="userName" value="" />
        </UrlAndUserName>
        <UrlAndUserName>
          <option name="url" value="https://github.students.cs.ubc.ca/CPSC210/P-ThermostatStarter.git" />
          <option name="userName" value="" />
        </UrlAndUserName>
        <UrlAndUserName>
          <option name="url" value="https://github.students.cs.ubc.ca/CPSC210/IntegerSetLecLab.git" />
          <option name="userName" value="" />
        </UrlAndUserName>
        <UrlAndUserName>
          <option name="url" value="https://github.students.cs.ubc.ca/CPSC210-2020W-T1/lab3_u9b3b.git" />
          <option name="userName" value="" />
        </UrlAndUserName>
        <UrlAndUserName>
          <option name="url" value="https://github.com/UBCx-Software-Construction/data-abstraction-solutions.git" />
          <option name="userName" value="" />
        </UrlAndUserName>
        <UrlAndUserName>
          <option name="url" value="https://github.com/UBCx-Software-Construction/TPD-practice-projects.git" />
          <option name="userName" value="" />
        </UrlAndUserName>
        <UrlAndUserName>
          <option name="url" value="https://github.com/UBCx-Software-Construction/TPD-solutions.git" />
          <option name="userName" value="" />
        </UrlAndUserName>
        <UrlAndUserName>
          <option name="url" value="https://github.com/UBCx-Software-Construction/TPD-lecture-starters.git" />
          <option name="userName" value="" />
        </UrlAndUserName>
        <UrlAndUserName>
          <option name="url" value="https://github.students.cs.ubc.ca/CPSC210/A123-Review.git" />
          <option name="userName" value="" />
        </UrlAndUserName>
        <UrlAndUserName>
          <option name="url" value="https://github.students.cs.ubc.ca/CPSC210/SimpleDrawingPlayer-Starter.git" />
          <option name="userName" value="" />
        </UrlAndUserName>
        <UrlAndUserName>
          <option name="url" value="https://github.students.cs.ubc.ca/CPSC210/A6-AlarmClock-Solution.git" />
          <option name="userName" value="" />
        </UrlAndUserName>
        <UrlAndUserName>
          <option name="url" value="https://github.students.cs.ubc.ca/CPSC210/SampleMidtermRepos.git" />
          <option name="userName" value="" />
        </UrlAndUserName>
        <UrlAndUserName>
          <option name="url" value="https://github.students.cs.ubc.ca/CPSC210-2020W-T1/InTermExam1.git" />
          <option name="userName" value="" />
        </UrlAndUserName>
        <UrlAndUserName>
          <option name="url" value="https://github.students.cs.ubc.ca/CPSC210/TellerApp.git" />
          <option name="userName" value="" />
        </UrlAndUserName>
        <UrlAndUserName>
          <option name="url" value="https://github.students.cs.ubc.ca/CPSC210/TellerAppOld.git" />
          <option name="userName" value="" />
        </UrlAndUserName>
        <UrlAndUserName>
          <option name="url" value="https://github.com/UBCx-Software-Construction-2/robust-classes-lecture-starters.git" />
          <option name="userName" value="" />
        </UrlAndUserName>
        <UrlAndUserName>
          <option name="url" value="https://github.com/UBCx-Software-Construction-2/long-form-problem-starters.git" />
          <option name="userName" value="" />
        </UrlAndUserName>
        <UrlAndUserName>
          <option name="url" value="https://github.students.cs.ubc.ca/CPSC210/AlarmSystem.git" />
          <option name="userName" value="" />
        </UrlAndUserName>
        <UrlAndUserName>
          <option name="url" value="https://github.students.cs.ubc.ca/CPSC210/C3-LectureLabStarter.git" />
          <option name="userName" value="" />
        </UrlAndUserName>
        <UrlAndUserName>
          <option name="url" value="https://github.students.cs.ubc.ca/CPSC210/JsonSerializationDemo.git" />
          <option name="userName" value="" />
        </UrlAndUserName>
        <UrlAndUserName>
          <option name="url" value="https://github.com/UBCx-Software-Construction-2/implementing-object-oriented-design-lecture-starters.git" />
          <option name="userName" value="" />
        </UrlAndUserName>
        <UrlAndUserName>
          <option name="url" value="https://github.students.cs.ubc.ca/CPSC210/PhotoAlbumBase.git" />
          <option name="userName" value="" />
        </UrlAndUserName>
        <UrlAndUserName>
          <option name="url" value="https://github.students.cs.ubc.ca/CPSC210/LinkedListComplete.git" />
          <option name="userName" value="" />
        </UrlAndUserName>
        <UrlAndUserName>
          <option name="url" value="https://github.students.cs.ubc.ca/CPSC210-2020W-T1/PhotoAlbumITE2.git" />
          <option name="userName" value="" />
        </UrlAndUserName>
        <UrlAndUserName>
          <option name="url" value="https://github.students.cs.ubc.ca/CPSC210/CourseRecommender.git" />
          <option name="userName" value="" />
        </UrlAndUserName>
        <UrlAndUserName>
          <option name="url" value="https://github.students.cs.ubc.ca/CPSC210/SimpleDrawingPlayer-Complete.git" />
          <option name="userName" value="" />
        </UrlAndUserName>
        <UrlAndUserName>
          <option name="url" value="https://github.students.cs.ubc.ca/CPSC210/Fob-LectureLabStarter.git" />
          <option name="userName" value="" />
        </UrlAndUserName>
        <UrlAndUserName>
          <option name="url" value="https://github.com/UBCx-Software-Construction-2/design-principles-solutions.git" />
          <option name="userName" value="" />
        </UrlAndUserName>
        <UrlAndUserName>
          <option name="url" value="https://github.students.cs.ubc.ca/CPSC210/StressfulRestaurant.git" />
          <option name="userName" value="" />
        </UrlAndUserName>
        <UrlAndUserName>
          <option name="url" value="https://github.students.cs.ubc.ca/CPSC210/Fliers.git" />
          <option name="userName" value="" />
        </UrlAndUserName>
        <UrlAndUserName>
          <option name="url" value="https://github.com/UBCx-Software-Construction-2/design-principles-lecture-starters.git" />
          <option name="userName" value="" />
        </UrlAndUserName>
        <UrlAndUserName>
          <option name="url" value="https://github.students.cs.ubc.ca/CPSC210/D3-MessyZooStarter.git" />
          <option name="userName" value="" />
        </UrlAndUserName>
        <UrlAndUserName>
          <option name="url" value="https://github.com/UBCx-Software-Construction-2/long-form-problem-solutions.git" />
          <option name="userName" value="" />
        </UrlAndUserName>
        <UrlAndUserName>
          <option name="url" value="https://github.students.cs.ubc.ca/CPSC210/D4-BranchesLeavesNoCompositeStarter.git" />
          <option name="userName" value="" />
        </UrlAndUserName>
        <UrlAndUserName>
          <option name="url" value="https://github.students.cs.ubc.ca/CPSC210/CompositeFileSystemStarter.git" />
          <option name="userName" value="" />
        </UrlAndUserName>
        <UrlAndUserName>
          <option name="url" value="https://github.students.cs.ubc.ca/CPSC210/CompositeFileSystemComplete.git" />
          <option name="userName" value="" />
        </UrlAndUserName>
        <UrlAndUserName>
          <option name="url" value="https://github.students.cs.ubc.ca/CPSC210/EmailManager.git" />
          <option name="userName" value="" />
        </UrlAndUserName>
        <UrlAndUserName>
          <option name="url" value="https://github.students.cs.ubc.ca/CPSC210/HRSystem.git" />
          <option name="userName" value="" />
        </UrlAndUserName>
        <UrlAndUserName>
          <option name="url" value="https://github.students.cs.ubc.ca/CPSC210/HRSystemComplete.git" />
          <option name="userName" value="" />
        </UrlAndUserName>
        <UrlAndUserName>
          <option name="url" value="https://github.students.cs.ubc.ca/CPSC210/CompositeDrawingEditorComplete.git" />
          <option name="userName" value="" />
        </UrlAndUserName>
        <UrlAndUserName>
          <option name="url" value="https://github.students.cs.ubc.ca/CPSC210-2020W-T1/Refactoring.git" />
          <option name="userName" value="" />
        </UrlAndUserName>
        <UrlAndUserName>
          <option name="url" value="https://github.com/UBCx-Software-Construction-2/design-patterns-lecture-starters.git" />
          <option name="userName" value="" />
        </UrlAndUserName>
        <UrlAndUserName>
          <option name="url" value="https://github.students.cs.ubc.ca/CPSC210/ZooObserversStarter.git" />
          <option name="userName" value="" />
        </UrlAndUserName>
        <UrlAndUserName>
          <option name="url" value="https://github.students.cs.ubc.ca/CPSC210/D6-ObservableLecLabStarter.git" />
          <option name="userName" value="" />
        </UrlAndUserName>
        <UrlAndUserName>
          <option name="url" value="https://github.students.cs.ubc.ca/CPSC210/D6-CollaborateBasicStarter.git" />
          <option name="userName" value="" />
        </UrlAndUserName>
        <UrlAndUserName>
          <option name="url" value="https://github.students.cs.ubc.ca/CPSC210/D6-ObservableLecLabSolution.git" />
          <option name="userName" value="" />
        </UrlAndUserName>
        <UrlAndUserName>
          <option name="url" value="https://github.students.cs.ubc.ca/CPSC210/SpaceInvadersRefactored.git" />
          <option name="userName" value="" />
        </UrlAndUserName>
        <UrlAndUserName>
          <option name="url" value="https://github.students.cs.ubc.ca/CPSC210/D6-CollaborateBasicSolution.git" />
          <option name="userName" value="" />
        </UrlAndUserName>
      </list>
    </option>
    <option name="cloneParentDir" value="C:\Users\domoj\OneDrive\Documents\UBC\2020 Winter\CPSC 210\Lectures\04-Design\D06" />
  </component>
  <component name="Vcs.Log.App.Settings">
    <option name="COLUMN_ORDER">
      <list>
        <option value="0" />
        <option value="1" />
        <option value="2" />
        <option value="3" />
      </list>
    </option>
  </component>
  <component name="VcsApplicationSettings">
    <option name="COMMIT_FROM_LOCAL_CHANGES" value="true" />
  </component>
</application>